ID,Type,SKU,Name,Published,Is featured?,Visibility in catalog,Short description,Description,Date sale price starts,Date sale price ends,Tax status,Tax class,In stock?,Stock,Low stock amount,Backorders allowed?,Sold individually?,Weight (kg),Length (cm),Width (cm),Height (cm),Allow customer reviews?,Purchase note,Sale price,Regular price,Categories,Tags,Shipping class,Images,Download limit,Download expiry days,Parent,Grouped products,Upsells,Cross-sells,External URL,Button text,Position,Attribute 1 name,Attribute 1 value(s),Attribute 1 visible,Attribute 1 global,Attribute 2 name,Attribute 2 value(s),Attribute 2 visible,Attribute 2 global,Attribute 3 name,Attribute 3 value(s),Attribute 3 visible,Attribute 3 global,Meta: rank_math_internal_links_processed,Meta: _id,﻿Meta: rank_math_internal_links_processed,Meta: rank_math_seo_score,Meta: _wp_page_template,Meta: woodmart_sguide_select,Meta: woodmart_price_unit_of_measure,Meta: _rank_math_gtin_code,Meta: woodmart_total_stock_quantity,Meta: _product_360_image_gallery,Meta: audio_sample,Meta: _audio_sample,Meta: sold_in_week,Meta: _sold_in_week,Meta: sold_to_day,Meta: _sold_to_day,Meta: sold_in_much,Meta: _sold_in_much,Meta: total_sold,Meta: _total_sold,Meta: _woodmart_whb_header,Meta: _woodmart_main_layout,Meta: _woodmart_sidebar_width,Meta: _woodmart_custom_sidebar,Meta: _woodmart_new_label,Meta: _woodmart_new_label_date,Meta: _woodmart_swatches_attribute,Meta: _woodmart_related_off,Meta: _woodmart_product_video,Meta: _woodmart_product_hashtag,Meta: _woodmart_single_product_style,Meta: _woodmart_thums_position,Meta: _woodmart_extra_content,Meta: _woodmart_extra_position,Meta: _woodmart_product_design,Meta: _woodmart_product-background,Meta: _woodmart_hide_tabs_titles,Meta: _woodmart_product_custom_tab_title,Meta: _woodmart_product_custom_tab_content_type,Meta: _woodmart_product_custom_tab_content,Meta: _woodmart_product_custom_tab_html_block,Meta: _woodmart_product_custom_tab_title_2,Meta: _woodmart_product_custom_tab_content_type_2,Meta: _woodmart_product_custom_tab_content_2,Meta: _woodmart_product_custom_tab_html_block_2,Meta: rank_math_primary_product_cat,Meta: _wc_gla_mc_status,Meta: _wc_gla_visibility,Meta: rank_math_analytic_object_id,Meta: _last_editor_used_jetpack,Meta: _woodmart_exclude_show_single_variation,Meta: _wc_gla_gtin,Meta: rank_math_focus_keyword,Meta: rank_math_facebook_enable_image_overlay,Meta: _elementor_template_type,Meta: _elementor_version,Meta: _wc_gla_brand,Meta: rank_math_description,Meta: _wp_old_date,Meta: _wc_gla_sync_status,Meta: _wc_gla_synced_at,Meta: _wc_gla_size,Meta: _wc_gla_sizeSystem,Meta: _wc_gla_sizeType,Meta: rs_page_bg_color,Meta: _elementor_edit_mode
,variable,TEST-20240603-1,Adult Metallica-Band Master of Puppets Album Cover,1,0,visible,,,,,taxable,,1,,,0,0,,,,,1,,,,Pre Order,,,,,,,,,,,,0,Product,"Classic Unisex T-Shirt (Made In US), Classic Unisex Hoodie (Made In US), Long Sleeve T-Shirt (Made In US)",1,0,Size,"S, M, L",1,0,Color,"Black, Navy",1,0,1,,1,,default,none,,Handmade,,,,,,,,,,,,,none,default,default,none,,,,,,,inherit,inherit,,inherit,inherit,,,,text,,,,text,text,,,approved,dont-sync-and-show,,classic-editor,,Handmade,TEST,,,,Ozinpic,,,,,,,,,
,variable,TEST-20240603-2,Adult Vintage Metallica-Band And Justice For All Tracks,1,0,visible,,,,,taxable,,1,,,0,0,,,,,1,,,,Pre Order,,,,,,,,,,,,0,Product,"Classic Unisex T-Shirt (Made In US), Classic Unisex Hoodie (Made In US), Long Sleeve T-Shirt (Made In US)",1,0,Size,"S, M, L",1,0,Color,"Black, Navy",1,0,1,,1,,default,none,,Handmade,,,,,,,,,,,,,none,default,default,none,,,,,,,inherit,inherit,,inherit,inherit,,,,text,,,,text,text,,,approved,dont-sync-and-show,,classic-editor,,Handmade,TEST,,,,Ozinpic,,,,,,,,,
,variable,TEST-20240603-3,Adult Vintage Mouse Metallica-Band Mash Up,1,0,visible,,,,,taxable,,1,,,0,0,,,,,1,,,,Pre Order,,,,,,,,,,,,0,Product,"Classic Unisex T-Shirt (Made In US), Classic Unisex Hoodie (Made In US), Long Sleeve T-Shirt (Made In US)",1,0,Size,"S, M, L",1,0,Color,"Black, Navy",1,0,1,,1,,default,none,,Handmade,,,,,,,,,,,,,none,default,default,none,,,,,,,inherit,inherit,,inherit,inherit,,,,text,,,,text,text,,,approved,dont-sync-and-show,,classic-editor,,Handmade,TEST,,,,Ozinpic,,,,,,,,,
,variation,TEST-20240603-1-1,Adult Metallica-Band Master of Puppets Album Cover,1,0,visible,,,,,taxable,parent,1,,,0,0,0,,,,0,,,26.95,,,,http://wodaem.me/wp-content/uploads/2024/06/thumb-89.jpg,,,TEST-20240603-1,,,,,,0,Product,Long Sleeve T-Shirt (Made In US),,0,Size,S,,0,Color,Navy,,0,,665bc37e98dbbff9d39ced96,,,,,,,,,,,,,,,,,,,,,,,,,,,,,,,,,,,,,,,,,,,,,,,,,,,,,,,,,,,,,,,,
,variation,TEST-20240603-1-2,Adult Metallica-Band Master of Puppets Album Cover,1,0,visible,,,,,taxable,parent,1,,,0,0,0,,,,0,,,26.95,,,,http://wodaem.me/wp-content/uploads/2024/06/thumb-88.jpg,,,TEST-20240603-1,,,,,,0,Product,Long Sleeve T-Shirt (Made In US),,0,Size,S,,0,Color,Black,,0,,665bc37e98dbbf97399ced95,,,,,,,,,,,,,,,,,,,,,,,,,,,,,,,,,,,,,,,,,,,,,,,,,,,,,,,,,,,,,,,,
,variation,TEST-20240603-1-3,Adult Metallica-Band Master of Puppets Album Cover,1,0,visible,,,,,taxable,parent,1,,,0,0,0,,,,0,,,26.95,,,,http://wodaem.me/wp-content/uploads/2024/06/thumb-84.jpg,,,TEST-20240603-1,,,,,,0,Product,Long Sleeve T-Shirt (Made In US),,0,Size,L,,0,Color,Navy,,0,,665bc37e98dbbf41309ced94,,,,,,,,,,,,,,,,,,,,,,,,,,,,,,,,,,,,,,,,,,,,,,,,,,,,,,,,,,,,,,,,
,variation,TEST-20240603-1-4,Adult Metallica-Band Master of Puppets Album Cover,1,0,visible,,,,,taxable,parent,1,,,0,0,0,,,,0,,,26.95,,,,http://wodaem.me/wp-content/uploads/2024/06/thumb-82.jpg,,,TEST-20240603-1,,,,,,0,Product,Long Sleeve T-Shirt (Made In US),,0,Size,M,,0,Color,Navy,,0,,665bc37e98dbbf650a9ced93,,,,,,,,,,,,,,,,,,,,,,,,,,,,,,,,,,,,,,,,,,,,,,,,,,,,,,,,,,,,,,,,
,variation,TEST-20240603-1-5,Adult Metallica-Band Master of Puppets Album Cover,1,0,visible,,,,,taxable,parent,1,,,0,0,0,,,,0,,,26.95,,,,http://wodaem.me/wp-content/uploads/2024/06/thumb-77.jpg,,,TEST-20240603-1,,,,,,0,Product,Long Sleeve T-Shirt (Made In US),,0,Size,L,,0,Color,Black,,0,,665bc37e98dbbf2b5b9ced92,,,,,,,,,,,,,,,,,,,,,,,,,,,,,,,,,,,,,,,,,,,,,,,,,,,,,,,,,,,,,,,,
,variation,TEST-20240603-1-6,Adult Metallica-Band Master of Puppets Album Cover,1,0,visible,,,,,taxable,parent,1,,,0,0,0,,,,0,,,26.95,,,,http://wodaem.me/wp-content/uploads/2024/06/thumb-75.jpg,,,TEST-20240603-1,,,,,,0,Product,Long Sleeve T-Shirt (Made In US),,0,Size,M,,0,Color,Black,,0,,665bc37e98dbbf59d39ced91,,,,,,,,,,,,,,,,,,,,,,,,,,,,,,,,,,,,,,,,,,,,,,,,,,,,,,,,,,,,,,,,
,variation,TEST-20240603-1-7,Adult Metallica-Band Master of Puppets Album Cover,1,0,visible,,,,,taxable,parent,1,,,0,0,0,,,,0,,,36.95,,,,http://wodaem.me/wp-content/uploads/2024/06/thumb-71.jpg,,,TEST-20240603-1,,,,,,0,Product,Classic Unisex Hoodie (Made In US),,0,Size,S,,0,Color,Navy,,0,,665bc37e98dbbfa0ec9ced90,,,,,,,,,,,,,,,,,,,,,,,,,,,,,,,,,,,,,,,,,,,,,,,,,,,,,,,,,,,,,,,,
,variation,TEST-20240603-1-8,Adult Metallica-Band Master of Puppets Album Cover,1,0,visible,,,,,taxable,parent,1,,,0,0,0,,,,0,,,36.95,,,,http://wodaem.me/wp-content/uploads/2024/06/thumb-68.jpg,,,TEST-20240603-1,,,,,,0,Product,Classic Unisex Hoodie (Made In US),,0,Size,S,,0,Color,Black,,0,,665bc37e98dbbf73f39ced8f,,,,,,,,,,,,,,,,,,,,,,,,,,,,,,,,,,,,,,,,,,,,,,,,,,,,,,,,,,,,,,,,
,variation,TEST-20240603-1-9,Adult Metallica-Band Master of Puppets Album Cover,1,0,visible,,,,,taxable,parent,1,,,0,0,0,,,,0,,,36.95,,,,http://wodaem.me/wp-content/uploads/2024/06/thumb-66.jpg,,,TEST-20240603-1,,,,,,0,Product,Classic Unisex Hoodie (Made In US),,0,Size,L,,0,Color,Navy,,0,,665bc37e98dbbff61f9ced8e,,,,,,,,,,,,,,,,,,,,,,,,,,,,,,,,,,,,,,,,,,,,,,,,,,,,,,,,,,,,,,,,
,variation,TEST-20240603-1-10,Adult Metallica-Band Master of Puppets Album Cover,1,0,visible,,,,,taxable,parent,1,,,0,0,0,,,,0,,,36.95,,,,http://wodaem.me/wp-content/uploads/2024/06/thumb-61.jpg,,,TEST-20240603-1,,,,,,0,Product,Classic Unisex Hoodie (Made In US),,0,Size,M,,0,Color,Navy,,0,,665bc37e98dbbfe5c49ced8d,,,,,,,,,,,,,,,,,,,,,,,,,,,,,,,,,,,,,,,,,,,,,,,,,,,,,,,,,,,,,,,,
,variation,TEST-20240603-1-11,Adult Metallica-Band Master of Puppets Album Cover,1,0,visible,,,,,taxable,parent,1,,,0,0,0,,,,0,,,36.95,,,,http://wodaem.me/wp-content/uploads/2024/06/thumb-58.jpg,,,TEST-20240603-1,,,,,,0,Product,Classic Unisex Hoodie (Made In US),,0,Size,L,,0,Color,Black,,0,,665bc37e98dbbf01aa9ced8c,,,,,,,,,,,,,,,,,,,,,,,,,,,,,,,,,,,,,,,,,,,,,,,,,,,,,,,,,,,,,,,,
,variation,TEST-20240603-1-12,Adult Metallica-Band Master of Puppets Album Cover,1,0,visible,,,,,taxable,parent,1,,,0,0,0,,,,0,,,36.95,,,,http://wodaem.me/wp-content/uploads/2024/06/thumb-55.jpg,,,TEST-20240603-1,,,,,,0,Product,Classic Unisex Hoodie (Made In US),,0,Size,M,,0,Color,Black,,0,,665bc37e98dbbf84dd9ced8b,,,,,,,,,,,,,,,,,,,,,,,,,,,,,,,,,,,,,,,,,,,,,,,,,,,,,,,,,,,,,,,,
,variation,TEST-20240603-1-13,Adult Metallica-Band Master of Puppets Album Cover,1,0,visible,,,,,taxable,parent,1,,,0,0,0,,,,0,,,20.95,,,,http://wodaem.me/wp-content/uploads/2024/06/thumb-52.jpg,,,TEST-20240603-1,,,,,,0,Product,Classic Unisex T-Shirt (Made In US),,0,Size,S,,0,Color,Navy,,0,,665bc37e98dbbf2c159ced8a,,,,,,,,,,,,,,,,,,,,,,,,,,,,,,,,,,,,,,,,,,,,,,,,,,,,,,,,,,,,,,,,
,variation,TEST-20240603-1-14,Adult Metallica-Band Master of Puppets Album Cover,1,0,visible,,,,,taxable,parent,1,,,0,0,0,,,,0,,,20.95,,,,http://wodaem.me/wp-content/uploads/2024/06/thumb-50.jpg,,,TEST-20240603-1,,,,,,0,Product,Classic Unisex T-Shirt (Made In US),,0,Size,S,,0,Color,Black,,0,,665bc37e98dbbfecbd9ced89,,,,,,,,,,,,,,,,,,,,,,,,,,,,,,,,,,,,,,,,,,,,,,,,,,,,,,,,,,,,,,,,
,variation,TEST-20240603-1-15,Adult Metallica-Band Master of Puppets Album Cover,1,0,visible,,,,,taxable,parent,1,,,0,0,0,,,,0,,,20.95,,,,http://wodaem.me/wp-content/uploads/2024/06/thumb-47.jpg,,,TEST-20240603-1,,,,,,0,Product,Classic Unisex T-Shirt (Made In US),,0,Size,L,,0,Color,Navy,,0,,665bc37e98dbbfdf919ced88,,,,,,,,,,,,,,,,,,,,,,,,,,,,,,,,,,,,,,,,,,,,,,,,,,,,,,,,,,,,,,,,
,variation,TEST-20240603-1-16,Adult Metallica-Band Master of Puppets Album Cover,1,0,visible,,,,,taxable,parent,1,,,0,0,0,,,,0,,,20.95,,,,http://wodaem.me/wp-content/uploads/2024/06/thumb-44.jpg,,,TEST-20240603-1,,,,,,0,Product,Classic Unisex T-Shirt (Made In US),,0,Size,M,,0,Color,Navy,,0,,665bc37e98dbbf44a29ced87,,,,,,,,,,,,,,,,,,,,,,,,,,,,,,,,,,,,,,,,,,,,,,,,,,,,,,,,,,,,,,,,
,variation,TEST-20240603-1-17,Adult Metallica-Band Master of Puppets Album Cover,1,0,visible,,,,,taxable,parent,1,,,0,0,0,,,,0,,,20.95,,,,http://wodaem.me/wp-content/uploads/2024/06/thumb-40.jpg,,,TEST-20240603-1,,,,,,0,Product,Classic Unisex T-Shirt (Made In US),,0,Size,L,,0,Color,Black,,0,,665bc37e98dbbfdd8d9ced86,,,,,,,,,,,,,,,,,,,,,,,,,,,,,,,,,,,,,,,,,,,,,,,,,,,,,,,,,,,,,,,,
,variation,TEST-20240603-1-18,Adult Metallica-Band Master of Puppets Album Cover,1,0,visible,,,,,taxable,parent,1,,,0,0,0,,,,0,,,20.95,,,,http://wodaem.me/wp-content/uploads/2024/06/thumb-38.jpg,,,TEST-20240603-1,,,,,,0,Product,Classic Unisex T-Shirt (Made In US),,0,Size,M,,0,Color,Black,,0,,665bc37e98dbbf54a19ced85,,,,,,,,,,,,,,,,,,,,,,,,,,,,,,,,,,,,,,,,,,,,,,,,,,,,,,,,,,,,,,,,
,variation,TEST-20240603-2-1,Adult Vintage Metallica-Band And Justice For All Tracks,1,0,visible,,,,,taxable,parent,1,,,0,0,0,,,,0,,,26.95,,,,http://wodaem.me/wp-content/uploads/2024/06/thumb-86.jpg,,,TEST-20240603-2,,,,,,0,Product,Long Sleeve T-Shirt (Made In US),,0,Size,S,,0,Color,Navy,,0,,665bc36798dbbfd3e89ced5a,,,,,,,,,,,,,,,,,,,,,,,,,,,,,,,,,,,,,,,,,,,,,,,,,,,,,,,,,,,,,,,,
,variation,TEST-20240603-2-2,Adult Vintage Metallica-Band And Justice For All Tracks,1,0,visible,,,,,taxable,parent,1,,,0,0,0,,,,0,,,26.95,,,,http://wodaem.me/wp-content/uploads/2024/06/thumb-83.jpg,,,TEST-20240603-2,,,,,,0,Product,Long Sleeve T-Shirt (Made In US),,0,Size,S,,0,Color,Black,,0,,665bc36798dbbf63d69ced59,,,,,,,,,,,,,,,,,,,,,,,,,,,,,,,,,,,,,,,,,,,,,,,,,,,,,,,,,,,,,,,,
,variation,TEST-20240603-2-3,Adult Vintage Metallica-Band And Justice For All Tracks,1,0,visible,,,,,taxable,parent,1,,,0,0,0,,,,0,,,26.95,,,,http://wodaem.me/wp-content/uploads/2024/06/thumb-80.jpg,,,TEST-20240603-2,,,,,,0,Product,Long Sleeve T-Shirt (Made In US),,0,Size,L,,0,Color,Navy,,0,,665bc36798dbbf92609ced58,,,,,,,,,,,,,,,,,,,,,,,,,,,,,,,,,,,,,,,,,,,,,,,,,,,,,,,,,,,,,,,,
,variation,TEST-20240603-2-4,Adult Vintage Metallica-Band And Justice For All Tracks,1,0,visible,,,,,taxable,parent,1,,,0,0,0,,,,0,,,26.95,,,,http://wodaem.me/wp-content/uploads/2024/06/thumb-78.jpg,,,TEST-20240603-2,,,,,,0,Product,Long Sleeve T-Shirt (Made In US),,0,Size,M,,0,Color,Navy,,0,,665bc36798dbbf3d069ced57,,,,,,,,,,,,,,,,,,,,,,,,,,,,,,,,,,,,,,,,,,,,,,,,,,,,,,,,,,,,,,,,
,variation,TEST-20240603-2-5,Adult Vintage Metallica-Band And Justice For All Tracks,1,0,visible,,,,,taxable,parent,1,,,0,0,0,,,,0,,,26.95,,,,http://wodaem.me/wp-content/uploads/2024/06/thumb-74.jpg,,,TEST-20240603-2,,,,,,0,Product,Long Sleeve T-Shirt (Made In US),,0,Size,L,,0,Color,Black,,0,,665bc36798dbbf551a9ced56,,,,,,,,,,,,,,,,,,,,,,,,,,,,,,,,,,,,,,,,,,,,,,,,,,,,,,,,,,,,,,,,
,variation,TEST-20240603-2-6,Adult Vintage Metallica-Band And Justice For All Tracks,1,0,visible,,,,,taxable,parent,1,,,0,0,0,,,,0,,,26.95,,,,http://wodaem.me/wp-content/uploads/2024/06/thumb-72.jpg,,,TEST-20240603-2,,,,,,0,Product,Long Sleeve T-Shirt (Made In US),,0,Size,M,,0,Color,Black,,0,,665bc36798dbbf85629ced55,,,,,,,,,,,,,,,,,,,,,,,,,,,,,,,,,,,,,,,,,,,,,,,,,,,,,,,,,,,,,,,,
,variation,TEST-20240603-2-7,Adult Vintage Metallica-Band And Justice For All Tracks,1,0,visible,,,,,taxable,parent,1,,,0,0,0,,,,0,,,36.95,,,,http://wodaem.me/wp-content/uploads/2024/06/thumb-69.jpg,,,TEST-20240603-2,,,,,,0,Product,Classic Unisex Hoodie (Made In US),,0,Size,S,,0,Color,Navy,,0,,665bc36798dbbf1f299ced54,,,,,,,,,,,,,,,,,,,,,,,,,,,,,,,,,,,,,,,,,,,,,,,,,,,,,,,,,,,,,,,,
,variation,TEST-20240603-2-8,Adult Vintage Metallica-Band And Justice For All Tracks,1,0,visible,,,,,taxable,parent,1,,,0,0,0,,,,0,,,36.95,,,,http://wodaem.me/wp-content/uploads/2024/06/thumb-65.jpg,,,TEST-20240603-2,,,,,,0,Product,Classic Unisex Hoodie (Made In US),,0,Size,S,,0,Color,Black,,0,,665bc36798dbbf605c9ced53,,,,,,,,,,,,,,,,,,,,,,,,,,,,,,,,,,,,,,,,,,,,,,,,,,,,,,,,,,,,,,,,
,variation,TEST-20240603-2-9,Adult Vintage Metallica-Band And Justice For All Tracks,1,0,visible,,,,,taxable,parent,1,,,0,0,0,,,,0,,,36.95,,,,http://wodaem.me/wp-content/uploads/2024/06/thumb-62.jpg,,,TEST-20240603-2,,,,,,0,Product,Classic Unisex Hoodie (Made In US),,0,Size,L,,0,Color,Navy,,0,,665bc36798dbbf12ec9ced52,,,,,,,,,,,,,,,,,,,,,,,,,,,,,,,,,,,,,,,,,,,,,,,,,,,,,,,,,,,,,,,,
,variation,TEST-20240603-2-10,Adult Vintage Metallica-Band And Justice For All Tracks,1,0,visible,,,,,taxable,parent,1,,,0,0,0,,,,0,,,36.95,,,,http://wodaem.me/wp-content/uploads/2024/06/thumb-60.jpg,,,TEST-20240603-2,,,,,,0,Product,Classic Unisex Hoodie (Made In US),,0,Size,M,,0,Color,Navy,,0,,665bc36798dbbf4b709ced51,,,,,,,,,,,,,,,,,,,,,,,,,,,,,,,,,,,,,,,,,,,,,,,,,,,,,,,,,,,,,,,,
,variation,TEST-20240603-2-11,Adult Vintage Metallica-Band And Justice For All Tracks,1,0,visible,,,,,taxable,parent,1,,,0,0,0,,,,0,,,36.95,,,,http://wodaem.me/wp-content/uploads/2024/06/thumb-57.jpg,,,TEST-20240603-2,,,,,,0,Product,Classic Unisex Hoodie (Made In US),,0,Size,L,,0,Color,Black,,0,,665bc36798dbbf228c9ced50,,,,,,,,,,,,,,,,,,,,,,,,,,,,,,,,,,,,,,,,,,,,,,,,,,,,,,,,,,,,,,,,
,variation,TEST-20240603-2-12,Adult Vintage Metallica-Band And Justice For All Tracks,1,0,visible,,,,,taxable,parent,1,,,0,0,0,,,,0,,,36.95,,,,http://wodaem.me/wp-content/uploads/2024/06/thumb-54.jpg,,,TEST-20240603-2,,,,,,0,Product,Classic Unisex Hoodie (Made In US),,0,Size,M,,0,Color,Black,,0,,665bc36798dbbf7c179ced4f,,,,,,,,,,,,,,,,,,,,,,,,,,,,,,,,,,,,,,,,,,,,,,,,,,,,,,,,,,,,,,,,
,variation,TEST-20240603-2-13,Adult Vintage Metallica-Band And Justice For All Tracks,1,0,visible,,,,,taxable,parent,1,,,0,0,0,,,,0,,,20.95,,,,http://wodaem.me/wp-content/uploads/2024/06/thumb-52.jpg,,,TEST-20240603-2,,,,,,0,Product,Classic Unisex T-Shirt (Made In US),,0,Size,S,,0,Color,Navy,,0,,665bc36798dbbf50ad9ced4e,,,,,,,,,,,,,,,,,,,,,,,,,,,,,,,,,,,,,,,,,,,,,,,,,,,,,,,,,,,,,,,,
,variation,TEST-20240603-2-14,Adult Vintage Metallica-Band And Justice For All Tracks,1,0,visible,,,,,taxable,parent,1,,,0,0,0,,,,0,,,20.95,,,,http://wodaem.me/wp-content/uploads/2024/06/thumb-49.jpg,,,TEST-20240603-2,,,,,,0,Product,Classic Unisex T-Shirt (Made In US),,0,Size,S,,0,Color,Black,,0,,665bc36798dbbf38299ced4d,,,,,,,,,,,,,,,,,,,,,,,,,,,,,,,,,,,,,,,,,,,,,,,,,,,,,,,,,,,,,,,,
,variation,TEST-20240603-2-15,Adult Vintage Metallica-Band And Justice For All Tracks,1,0,visible,,,,,taxable,parent,1,,,0,0,0,,,,0,,,20.95,,,,http://wodaem.me/wp-content/uploads/2024/06/thumb-46.jpg,,,TEST-20240603-2,,,,,,0,Product,Classic Unisex T-Shirt (Made In US),,0,Size,L,,0,Color,Navy,,0,,665bc36798dbbf76d69ced4c,,,,,,,,,,,,,,,,,,,,,,,,,,,,,,,,,,,,,,,,,,,,,,,,,,,,,,,,,,,,,,,,
,variation,TEST-20240603-2-16,Adult Vintage Metallica-Band And Justice For All Tracks,1,0,visible,,,,,taxable,parent,1,,,0,0,0,,,,0,,,20.95,,,,http://wodaem.me/wp-content/uploads/2024/06/thumb-43.jpg,,,TEST-20240603-2,,,,,,0,Product,Classic Unisex T-Shirt (Made In US),,0,Size,M,,0,Color,Navy,,0,,665bc36798dbbf4d059ced4b,,,,,,,,,,,,,,,,,,,,,,,,,,,,,,,,,,,,,,,,,,,,,,,,,,,,,,,,,,,,,,,,
,variation,TEST-20240603-2-17,Adult Vintage Metallica-Band And Justice For All Tracks,1,0,visible,,,,,taxable,parent,1,,,0,0,0,,,,0,,,20.95,,,,http://wodaem.me/wp-content/uploads/2024/06/thumb-41.jpg,,,TEST-20240603-2,,,,,,0,Product,Classic Unisex T-Shirt (Made In US),,0,Size,L,,0,Color,Black,,0,,665bc36798dbbfa3479ced4a,,,,,,,,,,,,,,,,,,,,,,,,,,,,,,,,,,,,,,,,,,,,,,,,,,,,,,,,,,,,,,,,
,variation,TEST-20240603-2-18,Adult Vintage Metallica-Band And Justice For All Tracks,1,0,visible,,,,,taxable,parent,1,,,0,0,0,,,,0,,,20.95,,,,http://wodaem.me/wp-content/uploads/2024/06/thumb-37.jpg,,,TEST-20240603-2,,,,,,0,Product,Classic Unisex T-Shirt (Made In US),,0,Size,M,,0,Color,Black,,0,,665bc36798dbbf3bc99ced49,,,,,,,,,,,,,,,,,,,,,,,,,,,,,,,,,,,,,,,,,,,,,,,,,,,,,,,,,,,,,,,,
,variation,TEST-20240603-3-1,Adult Vintage Mouse Metallica-Band Mash Up,1,0,visible,,,,,taxable,parent,1,,,0,0,0,,,,0,,,26.95,,,,http://wodaem.me/wp-content/uploads/2024/06/thumb-87.jpg,,,TEST-20240603-3,,,,,,0,Product,Long Sleeve T-Shirt (Made In US),,0,Size,S,,0,Color,Navy,,0,,665bc37331a999c3b73cea6a,,,,,,,,,,,,,,,,,,,,,,,,,,,,,,,,,,,,,,,,,,,,,,,,,,,,,,,,,,,,,,,,
,variation,TEST-20240603-3-2,Adult Vintage Mouse Metallica-Band Mash Up,1,0,visible,,,,,taxable,parent,1,,,0,0,0,,,,0,,,26.95,,,,http://wodaem.me/wp-content/uploads/2024/06/thumb-85.jpg,,,TEST-20240603-3,,,,,,0,Product,Long Sleeve T-Shirt (Made In US),,0,Size,S,,0,Color,Black,,0,,665bc37331a999e23a3cea69,,,,,,,,,,,,,,,,,,,,,,,,,,,,,,,,,,,,,,,,,,,,,,,,,,,,,,,,,,,,,,,,
,variation,TEST-20240603-3-3,Adult Vintage Mouse Metallica-Band Mash Up,1,0,visible,,,,,taxable,parent,1,,,0,0,0,,,,0,,,26.95,,,,http://wodaem.me/wp-content/uploads/2024/06/thumb-81.jpg,,,TEST-20240603-3,,,,,,0,Product,Long Sleeve T-Shirt (Made In US),,0,Size,L,,0,Color,Navy,,0,,665bc37331a99935243cea68,,,,,,,,,,,,,,,,,,,,,,,,,,,,,,,,,,,,,,,,,,,,,,,,,,,,,,,,,,,,,,,,
,variation,TEST-20240603-3-4,Adult Vintage Mouse Metallica-Band Mash Up,1,0,visible,,,,,taxable,parent,1,,,0,0,0,,,,0,,,26.95,,,,http://wodaem.me/wp-content/uploads/2024/06/thumb-79.jpg,,,TEST-20240603-3,,,,,,0,Product,Long Sleeve T-Shirt (Made In US),,0,Size,M,,0,Color,Navy,,0,,665bc37331a99974183cea67,,,,,,,,,,,,,,,,,,,,,,,,,,,,,,,,,,,,,,,,,,,,,,,,,,,,,,,,,,,,,,,,
,variation,TEST-20240603-3-5,Adult Vintage Mouse Metallica-Band Mash Up,1,0,visible,,,,,taxable,parent,1,,,0,0,0,,,,0,,,26.95,,,,http://wodaem.me/wp-content/uploads/2024/06/thumb-76.jpg,,,TEST-20240603-3,,,,,,0,Product,Long Sleeve T-Shirt (Made In US),,0,Size,L,,0,Color,Black,,0,,665bc37331a999a6083cea66,,,,,,,,,,,,,,,,,,,,,,,,,,,,,,,,,,,,,,,,,,,,,,,,,,,,,,,,,,,,,,,,
,variation,TEST-20240603-3-6,Adult Vintage Mouse Metallica-Band Mash Up,1,0,visible,,,,,taxable,parent,1,,,0,0,0,,,,0,,,26.95,,,,http://wodaem.me/wp-content/uploads/2024/06/thumb-73.jpg,,,TEST-20240603-3,,,,,,0,Product,Long Sleeve T-Shirt (Made In US),,0,Size,M,,0,Color,Black,,0,,665bc37331a999c3563cea65,,,,,,,,,,,,,,,,,,,,,,,,,,,,,,,,,,,,,,,,,,,,,,,,,,,,,,,,,,,,,,,,
,variation,TEST-20240603-3-7,Adult Vintage Mouse Metallica-Band Mash Up,1,0,visible,,,,,taxable,parent,1,,,0,0,0,,,,0,,,36.95,,,,http://wodaem.me/wp-content/uploads/2024/06/thumb-70.jpg,,,TEST-20240603-3,,,,,,0,Product,Classic Unisex Hoodie (Made In US),,0,Size,S,,0,Color,Navy,,0,,665bc37331a999725a3cea64,,,,,,,,,,,,,,,,,,,,,,,,,,,,,,,,,,,,,,,,,,,,,,,,,,,,,,,,,,,,,,,,
,variation,TEST-20240603-3-8,Adult Vintage Mouse Metallica-Band Mash Up,1,0,visible,,,,,taxable,parent,1,,,0,0,0,,,,0,,,36.95,,,,http://wodaem.me/wp-content/uploads/2024/06/thumb-67.jpg,,,TEST-20240603-3,,,,,,0,Product,Classic Unisex Hoodie (Made In US),,0,Size,S,,0,Color,Black,,0,,665bc37331a99963db3cea63,,,,,,,,,,,,,,,,,,,,,,,,,,,,,,,,,,,,,,,,,,,,,,,,,,,,,,,,,,,,,,,,
,variation,TEST-20240603-3-9,Adult Vintage Mouse Metallica-Band Mash Up,1,0,visible,,,,,taxable,parent,1,,,0,0,0,,,,0,,,36.95,,,,http://wodaem.me/wp-content/uploads/2024/06/thumb-64.jpg,,,TEST-20240603-3,,,,,,0,Product,Classic Unisex Hoodie (Made In US),,0,Size,L,,0,Color,Navy,,0,,665bc37331a99910fd3cea62,,,,,,,,,,,,,,,,,,,,,,,,,,,,,,,,,,,,,,,,,,,,,,,,,,,,,,,,,,,,,,,,
,variation,TEST-20240603-3-10,Adult Vintage Mouse Metallica-Band Mash Up,1,0,visible,,,,,taxable,parent,1,,,0,0,0,,,,0,,,36.95,,,,http://wodaem.me/wp-content/uploads/2024/06/thumb-63.jpg,,,TEST-20240603-3,,,,,,0,Product,Classic Unisex Hoodie (Made In US),,0,Size,M,,0,Color,Navy,,0,,665bc37331a9992fde3cea61,,,,,,,,,,,,,,,,,,,,,,,,,,,,,,,,,,,,,,,,,,,,,,,,,,,,,,,,,,,,,,,,
,variation,TEST-20240603-3-11,Adult Vintage Mouse Metallica-Band Mash Up,1,0,visible,,,,,taxable,parent,1,,,0,0,0,,,,0,,,36.95,,,,http://wodaem.me/wp-content/uploads/2024/06/thumb-59.jpg,,,TEST-20240603-3,,,,,,0,Product,Classic Unisex Hoodie (Made In US),,0,Size,L,,0,Color,Black,,0,,665bc37331a99968e33cea60,,,,,,,,,,,,,,,,,,,,,,,,,,,,,,,,,,,,,,,,,,,,,,,,,,,,,,,,,,,,,,,,
,variation,TEST-20240603-3-12,Adult Vintage Mouse Metallica-Band Mash Up,1,0,visible,,,,,taxable,parent,1,,,0,0,0,,,,0,,,36.95,,,,http://wodaem.me/wp-content/uploads/2024/06/thumb-56.jpg,,,TEST-20240603-3,,,,,,0,Product,Classic Unisex Hoodie (Made In US),,0,Size,M,,0,Color,Black,,0,,665bc37331a99931703cea5f,,,,,,,,,,,,,,,,,,,,,,,,,,,,,,,,,,,,,,,,,,,,,,,,,,,,,,,,,,,,,,,,
,variation,TEST-20240603-3-13,Adult Vintage Mouse Metallica-Band Mash Up,1,0,visible,,,,,taxable,parent,1,,,0,0,0,,,,0,,,20.95,,,,http://wodaem.me/wp-content/uploads/2024/06/thumb-53.jpg,,,TEST-20240603-3,,,,,,0,Product,Classic Unisex T-Shirt (Made In US),,0,Size,S,,0,Color,Navy,,0,,665bc37331a9992f3d3cea5e,,,,,,,,,,,,,,,,,,,,,,,,,,,,,,,,,,,,,,,,,,,,,,,,,,,,,,,,,,,,,,,,
,variation,TEST-20240603-3-14,Adult Vintage Mouse Metallica-Band Mash Up,1,0,visible,,,,,taxable,parent,1,,,0,0,0,,,,0,,,20.95,,,,http://wodaem.me/wp-content/uploads/2024/06/thumb-51.jpg,,,TEST-20240603-3,,,,,,0,Product,Classic Unisex T-Shirt (Made In US),,0,Size,S,,0,Color,Black,,0,,665bc37331a99978743cea5d,,,,,,,,,,,,,,,,,,,,,,,,,,,,,,,,,,,,,,,,,,,,,,,,,,,,,,,,,,,,,,,,
,variation,TEST-20240603-3-15,Adult Vintage Mouse Metallica-Band Mash Up,1,0,visible,,,,,taxable,parent,1,,,0,0,0,,,,0,,,20.95,,,,http://wodaem.me/wp-content/uploads/2024/06/thumb-48.jpg,,,TEST-20240603-3,,,,,,0,Product,Classic Unisex T-Shirt (Made In US),,0,Size,L,,0,Color,Navy,,0,,665bc37331a9993b0e3cea5c,,,,,,,,,,,,,,,,,,,,,,,,,,,,,,,,,,,,,,,,,,,,,,,,,,,,,,,,,,,,,,,,
,variation,TEST-20240603-3-16,Adult Vintage Mouse Metallica-Band Mash Up,1,0,visible,,,,,taxable,parent,1,,,0,0,0,,,,0,,,20.95,,,,http://wodaem.me/wp-content/uploads/2024/06/thumb-45.jpg,,,TEST-20240603-3,,,,,,0,Product,Classic Unisex T-Shirt (Made In US),,0,Size,M,,0,Color,Navy,,0,,665bc37331a999a6073cea5b,,,,,,,,,,,,,,,,,,,,,,,,,,,,,,,,,,,,,,,,,,,,,,,,,,,,,,,,,,,,,,,,
,variation,TEST-20240603-3-17,Adult Vintage Mouse Metallica-Band Mash Up,1,0,visible,,,,,taxable,parent,1,,,0,0,0,,,,0,,,20.95,,,,http://wodaem.me/wp-content/uploads/2024/06/thumb-42.jpg,,,TEST-20240603-3,,,,,,0,Product,Classic Unisex T-Shirt (Made In US),,0,Size,L,,0,Color,Black,,0,,665bc37331a999f32a3cea5a,,,,,,,,,,,,,,,,,,,,,,,,,,,,,,,,,,,,,,,,,,,,,,,,,,,,,,,,,,,,,,,,
,variation,TEST-20240603-3-18,Adult Vintage Mouse Metallica-Band Mash Up,1,0,visible,,,,,taxable,parent,1,,,0,0,0,,,,0,,,20.95,,,,http://wodaem.me/wp-content/uploads/2024/06/thumb-39.jpg,,,TEST-20240603-3,,,,,,0,Product,Classic Unisex T-Shirt (Made In US),,0,Size,M,,0,Color,Black,,0,,665bc37331a999bd4b3cea59,,,,,,,,,,,,,,,,,,,,,,,,,,,,,,,,,,,,,,,,,,,,,,,,,,,,,,,,,,,,,,,,
